Category,Subcategory,Year,Posts
Ai,Ai,2012,2
Ai,Ai,2013,4
Ai,Ai,2014,4
Ai,Ai,2015,16
Ai,Ai,2016,58
Ai,Ai,2017,120
Ai,Ai,2018,232
Ai,Ai,2019,226
Ai,Ai,2020,309
Ai,Ai,2021,423
Ai,Ai,2022,347
Ai,Ai,2023,351
Ai,Ai,2024,508
Ai,Cuda,2011,1
Ai,Cuda,2012,31
Ai,Cuda,2013,54
Ai,Cuda,2014,71
Ai,Cuda,2015,81
Ai,Cuda,2016,101
Ai,Cuda,2017,103
Ai,Cuda,2018,74
Ai,Cuda,2019,105
Ai,Cuda,2020,155
Ai,Cuda,2021,173
Ai,Cuda,2022,123
Ai,Cuda,2023,117
Ai,Cuda,2024,141
Ai,GenerativeAi,2016,3
Ai,GenerativeAi,2017,5
Ai,GenerativeAi,2018,9
Ai,GenerativeAi,2019,16
Ai,GenerativeAi,2020,13
Ai,GenerativeAi,2021,21
Ai,GenerativeAi,2022,23
Ai,GenerativeAi,2023,111
Ai,GenerativeAi,2024,331
Quantum,CuQuantum,2022,9
Quantum,CuQuantum,2023,4
Quantum,CuQuantum,2024,1
Quantum,CudaQ,2022,2
Quantum,CudaQ,2023,4
Quantum,CudaQ,2024,11
Quantum,QuantumComputing,2022,8
Quantum,QuantumComputing,2023,8
Quantum,QuantumComputing,2024,13
